{"cameraMode":{"drawMode":0,"name":"Shaded","section":"Shading Mode"},"sceneLighting":false,"audioPlay":false,"sceneViewState":{"showFog":true,"showMaterialUpdate":true,"showSkybox":false,"showFlares":true,"showImageEffects":true,"showParticleSystems":true},"in2DMode":false,"pivot":{"x":0.5760207176208496,"y":-1.5244922637939454,"z":-1.4560654163360596},"rotation":{"x":0.05889112129807472,"y":-0.917678713798523,"z":0.1485653668642044,"w":0.3637668788433075},"size":6.370777606964111,"orthographic":false}