{"cameraMode":{"drawMode":0,"name":"Shaded","section":"Shading Mode"},"sceneLighting":false,"audioPlay":false,"sceneViewState":{"showFog":true,"showMaterialUpdate":true,"showSkybox":false,"showFlares":true,"showImageEffects":true,"showParticleSystems":true},"in2DMode":false,"pivot":{"x":-0.005147218704223633,"y":0.9498814344406128,"z":0.013808012008666993},"rotation":{"x":0.2278262823820114,"y":-0.12809401750564576,"z":0.030248908326029779,"w":0.9647662043571472},"size":3.740553140640259,"orthographic":false}