{"cameraMode":{"drawMode":0,"name":"Shaded","section":"Shading Mode"},"sceneLighting":true,"audioPlay":false,"sceneViewState":{"showFog":true,"showMaterialUpdate":true,"showSkybox":true,"showFlares":true,"showImageEffects":true,"showParticleSystems":true},"in2DMode":false,"pivot":{"x":0.9468097686767578,"y":-0.027591228485107423,"z":0.9444150924682617},"rotation":{"x":0.22131794691085816,"y":-0.3757982552051544,"z":0.0929189994931221,"w":0.8950779438018799},"size":10.295700073242188,"orthographic":false}